{
  "project_info": {
    "project_number": "523942211731",
    "project_id": "a-database-98d49",
    "storage_bucket": "a-database-98d49.appspot.com"
  },
  "client": [
    {
      "client_info": {
        "mobilesdk_app_id": "1:523942211731:android:cab74dbac03582512add66",
        "android_client_info": {
          "package_name": "com.example.cecs491demonstration"
        }
      },
      "oauth_client": [
        {
          "client_id": "523942211731-gvji8frpsah8qksaso4gj0q0oi3jb0aj.apps.googleusercontent.com",
          "client_type": 3
        }
      ],
      "api_key": [
        {
          "current_key": "AIzaSyC1aVgm1zdqGbBgGg51GmfIcydIWpQ4w4Y"
        }
      ],
      "services": {
        "appinvite_service": {
          "other_platform_oauth_client": [
            {
              "client_id": "523942211731-gvji8frpsah8qksaso4gj0q0oi3jb0aj.apps.googleusercontent.com",
              "client_type": 3
            }
          ]
        }
      }
    }
  ],
  "configuration_version": "1"
}